Event,Value,Key,Row,Col
savedTimeEvents[60], 0x1111000E,1,1,1
savedTimeEvents[105], 0x2222000E,2,1,2
savedTimeEvents[142], 0x3333000E,3,1,3
savedTimeEvents[175], 0x4444000E,A,1,4
savedTimeEvents[212], 0x1111000D,4,2,1
savedTimeEvents[249], 0x2222000D,5,2,2
savedTimeEvents[286], 0x3333000D,6,2,3
xxxx, 0x4444000D,B,2,4
savedTimeEvents[384], 0x1111000B,7,3,1
savedTimeEvents[413], 0x2222000B,8,3,2
savedTimeEvents[446], 0x3333000B,9,3,3
savedTimeEvents[471], 0x4444000B,C,3,4
savedTimeEvents[500], 0x11110007,0,4,1
savedTimeEvents[525], 0x22220007,F,4,2
savedTimeEvents[554], 0x33330007,E,4,3
savedTimeEvents[587], 0x44440007,D,4,4